external_id,name,brand,category,gender,colors,image_url,price,currency,retailer,product_url,in_stock,occasion,season,style,body_types
FLIP_DRESS_01,Libas Floral Print Anarkali Kurta Dress,Libas,dress,female,"pink,white",https://images.unsplash.com/photo-1572804013309-59a88b7e92f1?q=80&w=600,1499.0,INR,Flipkart,https://www.flipkart.com/libas-women-printed-anarkali-kurta/p/itm89e3a6c123456,true,festive,summer,ethnic,"hourglass,pear"
FLIP_DRESS_02,Tokyo Talkies Solid Bodycon Dress,Tokyo Talkies,dress,female,"black",https://images.unsplash.com/photo-1539109136881-3be0616acf4b?q=80&w=600,799.0,INR,Flipkart,https://www.flipkart.com/tokyo-talkies-women-bodycon-black-dress/p/itm54321fedcba98,true,party,all,party,"rectangle,hourglass"
FLIP_DRESS_03,Vishudh Embroidered A-Line Dress,Vishudh,dress,female,"navy,gold",https://images.unsplash.com/photo-1515372039744-b8f02a3ae446?q=80&w=600,1199.0,INR,Flipkart,https://www.flipkart.com/vishudh-women-a-line-blue-dress/p/itm9876543210ab,true,casual,all,casual,"apple,pear,hourglass"
FLIP_DRESS_04,SASSAFRAS Ribbed Fit and Flare Dress,SASSAFRAS,dress,female,"burgundy,red",https://images.unsplash.com/photo-1595777457583-95e059d581b8?q=80&w=600,999.0,INR,Flipkart,https://www.flipkart.com/sassafras-women-fit-flare-maroon-dress/p/itma1b2c3d4e5f6,true,casual,autumn,casual,"hourglass,petite"
FLIP_DRESS_05,Berrylush Floral Print Georgette Maxi Dress,Berrylush,dress,female,"peach,coral",https://images.unsplash.com/photo-1496747611176-843222e1e57c?q=80&w=600,1299.0,INR,Flipkart,https://www.flipkart.com/berrylush-women-maxi-pink-dress/p/itm1234567890cd,true,casual,spring,chic,"pear,hourglass"
NYKAA_DRESS_01,RSVP by Nykaa Fashion Pleated Wrap Dress,RSVP,dress,female,"emerald green,green",https://images.unsplash.com/photo-1566174053879-31528523f8ae?q=80&w=600,2499.0,INR,Nykaa,https://www.nykaafashion.com/rsvp-by-nykaa-fashion-pleated-wrap-dress/p/4567891,true,party,winter,party,"hourglass,apple"
NYKAA_DRESS_02,Twenty Dresses Satin Slip Midi Dress,Twenty Dresses,dress,female,"champagne,gold",https://images.unsplash.com/photo-1502716119720-b23a93e5fe1b?q=80&w=600,1899.0,INR,Nykaa,https://www.nykaafashion.com/twenty-dresses-satin-slip-midi-dress/p/5678912,true,party,all,glamorous,"hourglass,rectangle"
NYKAA_DRESS_03,Likha by Nykaa Embroidered Chanderi Dress,Likha,dress,female,"mustard yellow,gold",https://images.unsplash.com/photo-1617627143750-d86bc21e42bb?q=80&w=600,2799.0,INR,Nykaa,https://www.nykaafashion.com/likha-embroidered-chanderi-dress/p/6789123,true,festive,spring,ethnic,"pear,hourglass"
NYKAA_DRESS_04,Gajra Gang Metallic Tiered Maxi Dress,Gajra Gang,dress,female,"rose gold,pink",https://images.unsplash.com/photo-1518895949257-7621c3c786d7?q=80&w=600,3299.0,INR,Nykaa,https://www.nykaafashion.com/gajra-gang-metallic-tiered-maxi-dress/p/7891234,true,party,all,glamorous,"hourglass,inverted_triangle"
NYKAA_DRESS_05,MIXX Printed Smocked Midi Dress,MIXX,dress,female,"lavender,soft blue",https://images.unsplash.com/photo-1576995853123-5a10305d93c0?q=80&w=600,1599.0,INR,Nykaa,https://www.nykaafashion.com/mixx-printed-smocked-midi-dress/p/8912345,true,casual,summer,casual,"petite,hourglass"
AJIO_DRESS_01,FIG Floral Print A-Line Shirt Dress,FIG,dress,female,"olive,khaki",https://images.unsplash.com/photo-1544441893-675973e31985?q=80&w=600,1199.0,INR,AJIO,https://www.ajio.com/fig-floral-print-a-line-shirt-dress/p/441234567_olive,true,work,autumn,smart_casual,"rectangle,hourglass"
AJIO_DRESS_02,RIO Solid Tiered Fit and Flare Dress,RIO,dress,female,"coral,orange",https://images.unsplash.com/photo-1509631179647-0177331693ae?q=80&w=600,899.0,INR,AJIO,https://www.ajio.com/rio-solid-tiered-fit-and-flare-dress/p/442345678_coral,true,casual,summer,casual,"apple,pear"
AJIO_DRESS_03,Outre Striped Belted Midi Dress,Outre,dress,female,"navy,white",https://images.unsplash.com/photo-1490481651871-ab68de25d43d?q=80&w=600,1499.0,INR,AJIO,https://www.ajio.com/outre-striped-belted-midi-dress/p/443456789_navy,true,work,all,classic,"hourglass,rectangle"
AJIO_DRESS_04,Project Eve Printed Peplum Dress,Project Eve,dress,female,"plum,burgundy",https://images.unsplash.com/photo-1585487000160-6ebcfceb0d03?q=80&w=600,2199.0,INR,AJIO,https://www.ajio.com/project-eve-printed-peplum-dress/p/444567890_plum,true,festive,winter,chic,"hourglass,pear"
AJIO_DRESS_05,Dnmx Ribbed Sweater Dress,DNMX,dress,female,"tan,camel",https://images.unsplash.com/photo-1434389677669-e08b4cac3105?q=80&w=600,1399.0,INR,AJIO,https://www.ajio.com/dnmx-ribbed-sweater-dress/p/445678901_camel,true,casual,winter,casual,"hourglass,rectangle"
MEESHO_DRESS_01,Aagyeyi Sensational Rayon Printed Dress,Aagyeyi,dress,female,"teal,blue",https://images.unsplash.com/photo-1581044777550-4cfa60707c03?q=80&w=600,549.0,INR,Meesho,https://www.meesho.com/aagyeyi-sensational-rayon-printed-dress/p/s5a1b2,true,casual,summer,casual,"pear,apple,hourglass"
MEESHO_DRESS_02,Charvi Pretty Georgette Tiered Dress,Charvi,dress,female,"maroon,burgundy",https://images.unsplash.com/photo-1485968579580-b6d095142e6e?q=80&w=600,699.0,INR,Meesho,https://www.meesho.com/charvi-pretty-georgette-tiered-dress/p/s6b2c3,true,party,all,party,"hourglass,rectangle"
MEESHO_DRESS_03,Kashvi Alluring Western Floral Dress,Kashvi,dress,female,"yellow,white",https://images.unsplash.com/photo-1521572267360-ee0c2909d518?q=80&w=600,499.0,INR,Meesho,https://www.meesho.com/kashvi-alluring-western-floral-dress/p/s7c3d4,true,casual,summer,casual,"petite,hourglass"
MEESHO_DRESS_04,Myra Fashionable Cotton Embroidered Dress,Myra,dress,female,"white,gold",https://images.unsplash.com/photo-1515886657613-9f3515b0c78f?q=80&w=600,749.0,INR,Meesho,https://www.meesho.com/myra-fashionable-cotton-dress/p/s8d4e5,true,festive,spring,ethnic,"hourglass,pear"
MEESHO_DRESS_05,Adrika Attractive Pleated Bodycon Dress,Adrika,dress,female,"black,silver",https://images.unsplash.com/photo-1568252542512-9fe8fe9c87bb?q=80&w=600,599.0,INR,Meesho,https://www.meesho.com/adrika-attractive-pleated-dress/p/s9e5f6,true,party,winter,party,"hourglass,inverted_triangle"
